
{
    "version": "4.5.0.v202112011542",
    "created": "2022-01-21 21:30",
    "nodestats": {
        "nodes": [
            {
                "id": "org.knime.base.node.io.filehandling.csv.reader.CSVTableReaderNodeFactory#CSV Reader",
                "nrexecs": 1,
                "nrfails": 0,
                "exectime": 363,
                "nrcreated": 1,
                "successor": "org.knime.base.node.preproc.binner.BinnerNodeFactory#Numeric Binner"
            },
            {
                "id": "org.knime.base.node.preproc.binner.BinnerNodeFactory#Numeric Binner",
                "nrexecs": 6,
                "nrfails": 0,
                "exectime": 171,
                "nrcreated": 1,
                "successor": "org.knime.base.node.viz.histogram.node.FixedColumnHistogramNodeFactory#Histogram (local)"
            },
            {
                "id": "org.knime.base.node.io.filehandling.table.writer.TableWriterNodeFactory#Table Writer",
                "nrexecs": 0,
                "nrfails": 0,
                "exectime": 0,
                "nrcreated": 1,
                "successor": "n/a"
            },
            {
                "id": "org.knime.base.node.io.filehandling.imagewriter.ImagePortWriterNodeFactory#Image Writer (Port)",
                "nrexecs": 0,
                "nrfails": 0,
                "exectime": 0,
                "nrcreated": 1,
                "successor": "n/a"
            },
            {
                "id": "org.knime.js.base.node.viz.plotter.scatterSelectionAppender.ScatterPlotNodeFactory#Scatter Plot",
                "nrexecs": 1,
                "nrfails": 0,
                "exectime": 168,
                "nrcreated": 1,
                "successor": "n/a"
            },
            {
                "id": "org.knime.base.node.viz.plotter.scatter.ScatterPlotterNodeFactory#Scatter Plot (local)",
                "nrexecs": 3,
                "nrfails": 0,
                "exectime": 37,
                "nrcreated": 2,
                "successor": "n/a"
            },
            {
                "id": "org.knime.base.node.viz.histogram.node.FixedColumnHistogramNodeFactory#Histogram (local)",
                "nrexecs": 11,
                "nrfails": 0,
                "exectime": 404,
                "nrcreated": 2,
                "successor": "n/a"
            }
        ],
        "metaNodes": {
        },
        "wrappedNodes": {
        }
    },
    "uptime": 2696000,
    "workflowsOpened": 2,
    "remoteWorkflowsOpened": 0,
    "columnarStorageWorkflowsOpened": 0,
    "workflowsImported": 0,
    "workflowsExported": 0,
    "launches": 2,
    "lastApplicationID": "org.knime.product.KNIME_APPLICATION",
    "timeSinceLastStart": 2663326,
    "crashes": 0,
    "properlyShutDown": true
}